,0->0->3->4[0_0],0->0->0->4[1_0],0->2->3->4[2_0],0->2->0->4[3_0],0->0->3->0[4_0],0->0->0->0[5_0],0->2->3->0[6_0],0->2->0->0[7_0],0->5->5->2[8_0],0->0->6->3[9_0],0->2->6->3[10_0],0->5->6->3[11_0],0->5->5->3[12_0],1->0->3->4[13_0],1->0->0->4[14_0],1->0->3->0[15_0],1->0->0->0[16_0],1->0->6->3[17_0],2->0->3->4[18_0],2->0->0->4[19_0],2->2->3->4[20_0],2->2->0->4[21_0],2->0->3->0[22_0],2->0->0->0[23_0],2->2->3->0[24_0],2->2->0->0[25_0],2->5->5->2[26_0],2->0->6->3[27_0],2->2->6->3[28_0],2->5->6->3[29_0],2->5->5->3[30_0],3->3->2->0[31_0],3->0->3->4[35_0],3->0->0->4[36_0],3->0->3->0[37_0],3->0->0->0[38_0],3->0->6->3[39_0]
0,Target33,Target33,HK84,HK84,Target33,HK84,HK84,HK84,Target167,Target33,HK84,Target60,Target167,Target33,Target33,Target33,Target33,Target33,Target33,HK84,HK84,HK84,Target33,HK84,HK84,HK84,Target33,Target33,HK84,Target33,Target73,Target73,Target33,Target33,Target33,Target33,Target60
1,Target167,Target167,HK21,Target33,Target167,Target33,Target73,Target33,Target95,HK11,Target33,HK21,Target123,Target167,Target167,Target167,Target167,HK11,Target67,Target33,HK21,Target33,HK76,Target33,Target73,Target33,Target73,HK11,Target33,Target171,Target67,HK87,Target167,Target167,Target167,Target167,Target33
2,Target67,Target67,Target73,Target167,HK76,Target167,HK87,Target167,Target131,Target95,HK76,HK76,Target278,Target67,Target67,Target67,Target67,Target95,Target246,HK74,Target73,HK74,Target248,Target248,HK87,Target248,HK87,Target95,HK76,Target179,Target226,Target267,HK76,HK74,HK76,Target248,HK76
3,Target246,HK87,Burn4_TF1,HK74,Target248,Target248,A3_TF1,Target248,Target282,Target282,HK21,HK84,Target207,Target246,HK87,Target246,HK87,Target282,HK11,Target248,Burn4_TF1,Target248,Target67,Target67,A3_TF1,HK87,Target67,Target282,HK21,Target272,Target174,HK43,HK74,Target248,Target248,Target203,HK74
4,HK11,Target246,HK87,Target248,Target203,Target203,Target226,Target203,Target230,Target77,HK74,HK74,Target131,HK11,Target246,Target217,Target246,Target77,Target95,HK16,HK87,Target67,Target267,HK87,Target226,Target67,A3_TF1,Target77,HK74,Target185,Target204,Target204,Target248,HK16,Target203,Target67,HK16
5,Target95,Target77,A3_TF1,Target203,Target67,Target67,A5_TF1,HK87,Target59,Target56,Burn4_TF1,Burn4_TF1,Target51,Target95,Target77,Target270,Target77,Target217,Target282,HK87,A3_TF1,HK87,Target31,Target267,Target179,Target267,Target179,Target56,Burn4_TF1,Target273,Target172,Target68,HK16,Target67,Target67,Target207,Target179
6,Target282,Target280,Target226,HK87,Target267,HK87,Target179,Target67,Target105,Target292,Target267,HK16,Target85,Target282,Target280,Target41,Target217,Target201,Target111,Target67,Target226,Target267,Target246,Target246,HK99,Target246,Target260,Target292,Target267,Target182,Target289,HK6,Target67,Target203,Target85,Target85,HK86
7,Target111,Target54,A5_TF1,Target67,Target31,Target267,HK99,Target267,Target44,Target284,Target179,Target88,Target165,Target217,Target217,Target59,Target54,Target56,Target289,Target267,Target179,Target246,HK86,HK99,Target204,HK99,Target72,Target284,Target179,Target72,HK4,Target77,Target203,Target207,Burn3_TF1,Target264,HK11
8,Target289,Target230,Target179,Target267,Target28,Target246,Target204,Target246,Target271,Target271,HK86,Target267,Target62,Target111,Target54,Target201,Target270,Target292,Target230,Target246,Target47,HK99,Target122,Target273,Target77,Target77,Target273,Target271,HK86,Target77,Target270,HK31,HK11,Target85,Target264,Target108,Target282
9,Target230,Target270,Target47,Target246,Target246,HK99,Target207,HK99,Target227,Target55,HK11,HK11,Target150,Target289,Target230,Target27,Target29,Target284,Target270,HK99,HK99,Target293,Target68,Target264,Target236,Target236,Burn3_TF1,Target55,HK11,Target176,Target117,HK53,Target282,Target264,Target176,Target214,Target72
10,Target270,Target29,HK99,HK99,HK86,Target207,Target77,Target207,Target55,Burn5_TF1,Target272,Target95,Target105,Target230,Target270,Target227,Target59,Target271,Target41,Target273,Target204,Target77,Burn3_TF1,Target77,Target172,Target108,Target176,Burn5_TF1,Target272,Target22,Target76,HK1,Target85,Target108,Target108,Target217,HK37
11,Target41,Target59,Target204,Target207,Target122,Target273,Target236,Target264,Target106,HK89,Target282,Target282,HK75,Target270,Target29,Target215,Target105,Target215,Target139,Target264,Target77,Target236,Target264,Target236,Target54,HK53,Target224,HK89,Target282,Target84,Target65,HK66,Burn3_TF1,Target214,Target214,Target224,Target108
12,Target139,Target105,Target207,Target264,Target68,Target85,Target165,Target77,HK89,Target36,Target185,HK37,Target48,Target41,Target59,Burn5_TF1,Target27,Target55,Target59,Target77,Target236,Target108,Target176,Target108,Target23,Target224,Target172,Target36,Target182,HK60,HK98,Target115,Target264,Target217,Target217,Target270,Target176
13,Target59,Target27,Target77,Target77,Burn3_TF1,Target264,Target172,Target236,Target36,HK95,Target77,Target108,B4_TF1,Target139,Target105,Target106,Target271,Burn5_TF1,Target27,Target236,HK37,HK53,Target108,HK53,HK63,Target115,Target289,HK95,Target185,HK96,Target192,HK77,Target176,Target224,Target263,Target205,Target217
14,Target27,Target271,Target236,Target236,Target85,Target77,Target54,Target108,HK95,Target70,HK37,HK53,Target223,Target59,Target27,HK89,Target215,HK89,Target284,Target108,Target172,Target224,HK53,Target224,Target29,Target78,Target54,Target70,Target77,Target56,Target81,HK20,Target108,HK4,Target224,Target194,Target211
15,Target284,Target55,HK37,Target108,Target176,Target236,Target23,HK53,Target70,Target34,Target108,Target115,Target106,Target201,Target271,Target36,Target55,Target36,Target227,HK53,Target183,Target115,Target22,Target115,HK96,Target54,Target270,Target34,HK37,Burn1_TF1,Target75,Target78,Target214,Target230,Target211,Target202,HK60
16,Target227,Target17,Target165,HK53,Target108,Target108,HK63,Target214,Target232,Target102,HK53,Target78,HK8,Target27,Target215,HK95,Target17,HK95,Target121,Target224,Target54,Target78,Target224,Target78,Target105,Target23,HK96,Target102,Target108,Target292,Target52,Target54,Target217,Target270,Target270,Target265,Target194
17,Target121,Target106,Target172,Target214,HK53,HK53,Target205,Target115,Target274,Target231,Target176,HK83,Target57,Target284,Target55,Target232,Target106,Target34,Burn5_TF1,Target115,Target23,HK4,Target115,HK83,Target265,Target270,Target117,Target231,HK53,Target160,HK88,HK83,Target263,Target205,Target41,Target32,Target265
18,Burn5_TF1,HK89,Target183,Target115,Target214,Target214,Target29,Target78,Target231,Target178,Target22,Target211,HK92,Target227,Target17,Target225,HK89,Target102,Target229,Target78,HK63,Target54,Target11,Target54,Target292,Target29,Target76,Target178,Target176,Target46,Target103,HK41,Target224,Target194,Target202,Target160,Target201
19,Target229,Target36,Target54,Target78,Target22,Target115,HK96,Target54,HK85,Target87,Target263,Target180,HK17,Target215,Target106,HK76,Target36,Target231,Target106,HK83,Target97,Target23,Target78,Target23,Burn1_TF1,HK97,Target56,Target87,Target22,C4_TF1,Target161,Target84,Target289,Target202,Target201,Target65,Target292
20,Target106,Target232,Target23,HK4,Target115,Target78,Target105,Target23,Target178,HK76,Target115,HK97,A2_TF1,Burn5_TF1,HK89,Target219,Target232,Target178,HK89,Target54,Target29,Target230,HK83,Target270,Target65,HK96,Target292,HK76,Target115,Target284,Target146,HK36,HK4,Target265,Target160,Target162,Target160
21,HK89,Target274,HK63,Target54,Target11,HK83,Target265,Target270,HK59,HK74,Target78,Target189,Target220,Target229,Target36,Target108,Target274,Target87,Target36,HK4,HK96,Target270,Target84,Target29,Target258,Target59,Target160,HK74,Target78,Target173,,HK2,Target211,Target32,Target216,Target216,C4_TF1
22,Target36,Target225,Target205,Target23,Target78,Target54,Target32,Target205,HK76,HK16,Target211,Target265,Target232,Target106,Target232,HK53,Target225,HK76,HK95,Target23,Target105,Target29,Target270,HK97,Target271,Target105,Burn1_TF1,HK16,Target84,Target218,,HK96,Target109,Target160,C4_TF1,Target166,Target166
23,HK95,HK85,Target29,Target230,HK83,Target23,Target292,Target29,HK74,Target272,Target180,Target64,Target274,HK89,Target274,Target22,HK85,HK74,Target63,Target230,Target265,HK97,Target180,HK96,Target173,Target117,Target65,Target272,Target180,HK27,,Target59,Target230,Target65,Target166,Target223,Target173
24,Target63,Target103,HK96,Target270,Target211,Target270,Burn1_TF1,HK97,Target207,Target72,HK97,HK94,Target184,Target36,Target225,Target78,Target207,Target272,Target232,Target270,Target292,Target97,Target41,Target59,Target218,Target265,HK98,Target72,HK60,Burn5_TF1,,Target105,Target270,Target162,Target227,Target215,HK65
25,Target232,HK74,Target105,Target29,Target270,Target205,Target65,HK96,Target108,HK37,HK96,Target166,HK61,HK95,HK85,HK83,Target219,Target219,Target145,Target29,Burn1_TF1,HK96,HK97,Target105,Target55,Target160,Target284,HK37,HK97,HK93,,Target117,Target41,Target216,Target223,HK69,Target215
26,Target225,HK16,Target265,Target205,Target180,Target29,Target162,Target59,HK53,Target108,Target189,Target271,HK59,Target63,HK74,Target211,Target108,Target72,Target87,HK97,Target65,Target59,Target59,Target117,Target17,Target65,Target173,Target108,HK96,HK100,,HK23,Target139,Target166,Target215,B2_TF1,HK27
27,Target145,Target207,Target32,HK97,Target41,HK97,Target258,Target105,Target78,HK53,Target265,HK65,,Target232,Target207,Target84,HK53,HK37,HK61,HK96,Target258,Target105,Target117,Target265,HK29,Target216,Target222,HK53,Target189,Target83,,HK39,Target202,Target223,Target7,Target82,Burn5_TF1
28,Target87,Target108,Target292,HK96,HK97,HK96,Target271,Target117,HK83,Target22,Target64,Target55,,Target225,Target219,Target180,Target78,Target108,Target112,Target59,Target271,Target117,Target160,Target160,Target269,Target27,Target146,Target22,Target265,HK57,,Burn1_TF1,Target201,HK65,Burn5_TF1,HK89,HK69
29,HK61,HK53,Burn1_TF1,Target59,Target59,Target59,Target173,Target265,Target150,Target78,Target292,HK69,,Target145,Target108,Target117,HK83,HK53,HK59,Target105,Target190,Target265,HK94,Target45,Target212,Target271,Burn5_TF1,Target78,Target64,Target275,,HK56,Target160,Target215,HK69,Target175,Target38
30,Target112,Target78,Target65,Target105,Target117,Target105,Target210,Target32,Target211,HK83,Target160,HK29,,Target87,HK53,HK100,Target117,Target22,Target147,Target117,Target218,Target160,Target216,Target65,HK82,Target55,HK93,HK83,Target292,Target34,,HK94,Target216,HK69,Target38,Target36,Target83
31,HK59,HK83,Target162,Target117,Target160,Target117,Target218,Target160,Target180,Target211,Burn1_TF1,Target38,,Target112,Target78,A2_TF1,HK100,Target78,HK76,Target265,Target173,Target65,C4_TF1,Target216,Target70,Target17,HK100,Target84,Target160,Target186,,HK30,HK33,B2_TF1,Target57,Target168,HK57
32,Target147,Target117,Target258,Target265,HK94,Target265,Target55,Target65,B4_TF1,Target180,C4_TF1,Target118,,Target147,HK83,Target220,Target107,HK83,HK74,Target160,Target55,Target216,Target27,Target27,Burn2_TF1,HK69,Target192,Target180,Burn1_TF1,A1_TF1,,Target271,C4_TF1,HK8,Target83,Target213,HK89
33,HK76,HK65,Target271,Target32,C4_TF1,Target32,Target17,Target162,HK29,HK65,Target166,Target268,,HK76,Target117,HK81,A2_TF1,Target211,HK16,Target45,Target17,Target27,HK98,Target271,HK91,Target106,Target83,Target46,C4_TF1,Target209,,HK15,Target166,HK80,HK89,A2_TF1,Target82
34,HK74,HK100,Target190,Target160,Target166,Target160,HK29,Target166,Target268,HK29,Target284,Target82,,HK74,HK65,HK3,Target220,Target84,Target79,Target65,Target221,Target271,Target227,Target55,Target250,HK89,Target175,HK65,Target284,Target263,,HK26,Target227,Target82,Target175,Target220,Target99
35,HK16,Target268,Target210,Target65,Target27,Target65,Target163,Target27,Target107,HK100,Target271,HK89,,Target79,HK100,Target71,HK47,Target180,Target174,Target216,HK29,Target190,Target7,Target17,Target274,Target175,Target212,HK29,Target271,Target87,,Target55,HK65,HK89,Target81,Target232,Target36
36,Target79,Target107,Target218,Target162,HK98,Target162,Target269,Target271,A2_TF1,Target268,Target173,Target99,,Target174,Target268,Target109,HK81,Target46,Target272,Target27,Target269,HK65,Burn5_TF1,HK69,HK47,Target36,Target81,HK100,Target173,Target277,,Target222,Target215,Target175,Target36,HK47,Target208
37,Target174,A2_TF1,Target173,Target166,Target227,Target166,Target212,Target223,Target220,HK57,HK65,Target269,,Target272,Target107,Target263,HK3,HK65,Target108,Target271,Target212,Target55,HK69,HK100,HK85,Target250,Target75,Target268,HK65,Target228,,HK58,Target223,Target36,Target74,Target225,HK82
38,Target272,Target220,Target55,Target27,Target223,Target27,HK91,Target55,HK81,HK47,Target218,Target36,,Target219,A2_TF1,Target277,Target8,HK100,HK53,HK65,Target275,Target17,HK93,Target106,Target178,A2_TF1,Target34,HK57,Target218,,,HK29,Target7,HK17,A2_TF1,Target181,Target168
39,Target108,HK47,Target17,Target271,Target7,Target271,Target70,Target17,HK3,HK81,Target55,HK5,,Target108,Target220,B1_TF1,Target186,Target268,Target22,Target55,HK82,HK69,HK100,HK89,Target8,Target277,Target52,HK47,Target55,,,HK93,HK27,Target168,Target220,Target186,A4_TF1
40,HK53,HK81,Target221,Target190,Burn5_TF1,Target223,Burn2_TF1,HK69,C3_TF1,C3_TF1,HK10,Target70,,HK53,HK47,Target264,Target71,HK57,Target78,Target17,Target70,Target106,Target106,Target175,Target186,Target232,Target196,HK81,HK27,,,HK40,Burn5_TF1,Target213,Target277,Target86,Target74
41,Target22,HK3,HK29,HK65,HK69,Target55,Target168,Target106,B1_TF1,Target186,HK27,HK95,,Target22,HK81,Target228,Target263,HK47,HK83,HK69,Burn2_TF1,Target268,Target281,Target107,Target181,Target274,Target277,C3_TF1,Target66,,,Target37,HK69,A2_TF1,Target232,Target177,Target213
42,Target78,Target8,Target163,Target223,Target291,Target17,Target250,HK89,Target203,HK60,HK69,Target276,,Target78,HK3,Target203,Target264,HK81,Target84,HK100,HK91,HK80,Target83,Target36,Target209,HK47,Target186,Target186,HK69,,,Target269,HK61,Target220,Target225,Target263,HK47
43,HK83,Target186,Target269,Target55,HK100,HK69,HK82,Target175,Target267,Target263,HK29,HK82,,HK83,Target8,Target267,Target277,C3_TF1,Target180,Target106,Target250,HK89,HK89,A2_TF1,,HK81,Target71,Target263,HK29,,,HK71,Target116,Target169,HK88,Target277,Target35
44,Target211,Target71,Target212,Target17,Target106,HK100,HK50,Target36,Target123,Target277,Target38,Target74,,Target211,Target186,Target31,Target203,Target186,Target117,Target268,Target170,Target175,Target175,Target232,,HK3,Target103,HK60,HK93,,,HK92,Target38,Target232,A1_TF1,,Target178
45,Target180,Target263,Target275,HK69,Target38,Target106,Target274,Target168,Target51,Target228,Target118,Target168,,Target84,Target71,Target28,Target267,HK60,HK65,HK8,Target274,Target36,HK92,Target274,,HK85,HK88,Target277,Target118,,,HK95,HK8,HK47,Target109,,Target181
46,Target117,Target264,HK91,Target106,Target57,Target82,HK47,Target250,Target68,Target267,Target268,A4_TF1,,Target180,Target263,Target68,HK99,Target263,Target116,HK80,Target102,HK17,Target36,HK47,,Target181,Target209,Target228,Target268,,,Target70,Target57,Target225,Target177,,Target186
47,HK65,Target277,Target70,Target268,Target83,HK89,Target35,A2_TF1,Target165,Target115,Target83,HK47,,Target117,Target264,Target224,Target236,Target277,HK100,HK89,HK47,Target275,Target81,HK81,,Target8,A1_TF1,Target171,Target83,,,Target75,HK57,Target181,B1_TF1,,Target86
48,Target116,Target203,Burn2_TF1,HK80,HK89,Target175,HK85,Target220,Target62,HK96,HK93,Target102,,HK65,Target277,Target115,Target224,Target228,Target268,Target175,HK44,Target250,HK95,HK3,,Target186,Target263,Target267,HK89,,,Burn2_TF1,HK89,Target186,Target281,,A1_TF1
49,HK100,Target267,Target168,HK89,HK93,Target107,Target178,Target232,Target48,Target160,HK89,Target266,,Target116,Target203,Target11,Target115,Target171,HK57,Target107,HK85,A2_TF1,Target75,HK85,,Target71,Target87,Target182,Target269,,,HK64,Target83,Target86,HK86,,Target177
50,Target268,HK99,Target250,Target175,HK90,Target36,Target8,Target274,Target166,Target166,Target269,HK81,,HK100,Target267,Target160,Target23,Target267,A2_TF1,Target36,Target12,Target277,Target276,Target181,,Target263,Target264,Target115,Target36,,,Target34,HK80,Target177,,,Target287
51,HK57,Target236,HK82,Target36,Target175,Target168,Target186,HK47,HK69,HK69,Target36,Target231,,Target268,HK99,Target166,Target205,Target182,HK81,HK17,Target178,Target232,Target74,Target8,,Target264,Target228,HK96,Target275,,,HK50,Target99,Target263,,,Target263
52,A2_TF1,Target115,Target170,HK17,HK92,A2_TF1,Target181,Target225,Target163,Target38,Target275,C3_TF1,,HK57,Target236,Target7,Target194,Target115,Target13,Target275,Target8,Target274,A2_TF1,Target186,,,,Target160,HK95,,,HK62,Target175,HK75,,,Target87
53,Target220,HK4,Target169,Target275,Target36,Target220,Target209,HK81,Target118,Target118,HK95,Target35,,A2_TF1,Target224,HK69,HK96,Target194,HK3,A2_TF1,Target186,HK47,Target232,Target71,,,,Target66,Target70,,,Target274,Target81,Target277,,,Target277
54,HK46,Target23,Target274,Target168,Target81,Target232,,HK85,HK8,Target83,Target70,Target178,,Target220,Target115,Target38,Target32,HK96,C3_TF1,Target232,Target181,HK81,HK81,Target103,,,,HK69,Target276,,,HK81,Target36,,,,
55,Target13,Target205,Target102,Target250,HK95,Target274,,HK3,Target57,Target82,Target276,Target181,,HK46,HK4,Target57,Target160,Target160,Target148,Target274,Target238,HK3,HK3,Target177,,,,Target118,HK82,,,HK45,HK17,,,,
56,HK3,HK96,HK47,A2_TF1,Target276,HK47,,Target181,Target82,Target269,HK82,Target86,,Target13,Target23,Target83,Target166,Target166,Target164,HK47,Target209,HK85,HK88,Target263,,,,Target83,A4_TF1,,,HK34,A4_TF1,,,,
57,C3_TF1,Target32,HK44,Target220,Target74,Target225,,Target8,Target269,Target276,Target168,Target177,,HK3,Target205,Target37,HK69,Target66,Target71,HK81,HK60,Target12,Target71,Target277,,,,Target269,Target74,,,HK90,Target74,,,,
58,HK81,Target160,HK85,Target169,A2_TF1,HK81,,Target186,HK92,Target74,Target74,Target287,,C3_TF1,Target194,Target175,Target82,HK69,Target109,HK3,HK75,Target181,A1_TF1,,,,,Target276,HK47,,,HK59,A2_TF1,,,,
59,Target148,Target166,Target35,Target232,Target220,HK85,,Target71,Burn2_TF1,Target35,A4_TF1,HK86,,HK81,HK96,HK92,Target175,Target38,Target263,HK85,,Target8,Target109,,,,,Target74,Target102,,,HK68,Target220,,,,
60,Target71,HK69,Target178,Target274,Target277,HK3,,Target263,Target276,Target181,HK47,,,Target148,Target32,Target75,Target181,Target118,Target264,Target181,,Target186,Target177,,,,,Target181,Target266,,,HK48,Target277,,,,
61,Target109,HK8,Target8,HK47,Target232,Target181,,Target277,Target74,Target86,Target102,,,Target164,Target160,Target276,Target86,Target83,Target113,Target8,,Target71,HK90,,,,,A1_TF1,HK81,,,Target228,Target232,,,,
62,Target263,Target82,Target186,Target225,HK81,Target8,,,Target35,A1_TF1,Target266,,,Target71,Target166,Target74,Target177,Target82,Target228,Target186,,Target238,Target263,,,,,Target177,C3_TF1,,,,HK46,,,,
63,Target277,Target175,Target181,HK81,Target225,Target186,,,Target181,Target177,HK81,,,Target109,HK69,HK88,HK84,Target269,Target277,Target71,,Target263,Target277,,,,,Target60,Target178,,,,Target225,,,,
64,B1_TF1,Target181,Target209,HK85,HK3,Target71,,,Target86,Target60,C3_TF1,,,Target263,Target82,A1_TF1,Target248,Target276,Target171,Target103,,HK75,HK59,,,,,HK84,Target181,,,,Target80,,,,
65,Target228,Target86,HK60,HK3,HK88,Target103,,,Target177,HK84,Target35,,,Target277,Target175,Target177,Target273,Target74,Target267,Target97,,Target264,Target228,,,,,Burn4_TF1,Target186,,,,Target164,,,,
66,Target264,Target177,HK75,Target181,Target71,Target86,,,HK90,Burn4_TF1,Target178,,,Target113,Target181,HK90,Target85,Target35,Target31,Target177,,,,,,,,Target88,A1_TF1,,,,HK88,,,,
67,Target203,HK84,,Target8,A1_TF1,Target177,,,Target60,Target88,Target181,,,Target228,Target86,Target248,Target214,Target181,Target68,Target263,,,,,,,,Target179,Target287,,,,A1_TF1,,,,
68,Target267,Target248,,Target186,Target109,Target263,,,Burn4_TF1,Target179,Target186,,,B1_TF1,Target177,Target122,HK97,Target86,Target182,HK75,,,,,,,,Target185,Target209,,,,Target287,,,,
69,Target31,Target273,,Target71,Target177,Target277,,,Target88,Target185,A1_TF1,,,Target264,HK84,Burn3_TF1,Target202,A1_TF1,Target62,Target277,,,,,,,,Target273,Target263,,,,Target177,,,,
70,Target28,Target85,,Target96,B1_TF1,,,,Target278,Target273,Target287,,,Target171,Target248,Target85,Target265,Target177,Target115,,,,,,,,,Target176,Target277,,,,B1_TF1,,,,
71,Target68,Target214,,Target263,Target263,,,,Target122,Target176,Target209,,,Target203,Target273,Target176,Target65,Target60,Target224,,,,,,,,,HK97,Target228,,,,Target281,,,,
72,Target62,HK97,,HK75,Target264,,,,Target85,HK97,HK60,,,Target267,Target85,Target214,Target162,HK84,Target11,,,,,,,,,Target189,,,,,Target87,,,,
73,Target115,Target265,,Target277,HK59,,,,HK97,Target189,Target277,,,Target31,Target214,HK97,Target216,Burn4_TF1,HK4,,,,,,,,,Target265,,,,,HK86,,,,
74,Target11,Target65,,,Target228,,,,Target189,Target265,Target228,,,Target28,HK97,Target202,Target223,Target88,Target160,,,,,,,,,Burn1_TF1,,,,,Target113,,,,
75,HK4,Target162,,,,,,,Target265,Burn1_TF1,,,,Target68,Target202,HK94,B2_TF1,Target179,Target7,,,,,,,,,HK94,,,,,,,,,
76,Target160,Target223,,,,,,,Target64,HK94,,,,Target182,Target265,Target216,Target168,Target185,Target66,,,,,,,,,C4_TF1,,,,,,,,,
77,Target166,HK80,,,,,,,HK94,C4_TF1,,,,Target62,Target65,C4_TF1,Target213,Target273,HK69,,,,,,,,,Target173,,,,,,,,,
78,Target7,HK17,,,,,,,Target223,Target173,,,,Target115,Target162,HK98,,Target176,Target118,,,,,,,,,HK27,,,,,,,,,
79,HK69,Target275,,,,,,,HK82,HK27,,,,Target224,Target216,Target223,,HK97,Target192,,,,,,,,,HK93,,,,,,,,,
80,Target291,Target168,,,,,,,Target168,HK93,,,,Target11,Target223,HK93,,Target189,Target83,,,,,,,,,Target99,,,,,,,,,
81,Target38,Target169,,,,,,,A4_TF1,Target99,,,,HK4,B2_TF1,Target81,,Target265,HK8,,,,,,,,,Target275,,,,,,,,,
82,Target118,HK75,,,,,,,Target184,Target275,,,,Target160,HK80,HK86,,Burn1_TF1,Target175,,,,,,,,,HK82,,,,,,,,,
83,Target192,,,,,,,,Target287,HK82,,,,Target166,HK17,,,HK94,HK92,,,,,,,,,A4_TF1,,,,,,,,,
84,Target57,,,,,,,,HK86,Target168,,,,Target7,Target275,,,C4_TF1,Target75,,,,,,,,,Target287,,,,,,,,,
85,Target83,,,,,,,,,A4_TF1,,,,Target66,Target168,,,Target173,Target276,,,,,,,,,HK86,,,,,,,,,
86,HK8,,,,,,,,,Target287,,,,HK69,Target213,,,HK27,Target74,,,,,,,,,,,,,,,,,,
87,Target175,,,,,,,,,HK86,,,,Target38,Target169,,,HK93,Target196,,,,,,,,,,,,,,,,,,
88,HK92,,,,,,,,,,,,,Target118,HK75,,,Target99,HK88,,,,,,,,,,,,,,,,,,
89,Target276,,,,,,,,,,,,,Target192,,,,Target208,A1_TF1,,,,,,,,,,,,,,,,,,
90,Target74,,,,,,,,,,,,,Target57,,,,Target275,Target177,,,,,,,,,,,,,,,,,,
91,Target196,,,,,,,,,,,,,Target83,,,,HK82,HK90,,,,,,,,,,,,,,,,,,
92,HK88,,,,,,,,,,,,,Target37,,,,Target168,Target248,,,,,,,,,,,,,,,,,,
93,A1_TF1,,,,,,,,,,,,,Target175,,,,A4_TF1,Target88,,,,,,,,,,,,,,,,,,
94,Target177,,,,,,,,,,,,,HK92,,,,Target213,Target122,,,,,,,,,,,,,,,,,,
95,HK90,,,,,,,,,,,,,Target75,,,,HK86,Target185,,,,,,,,,,,,,,,,,,
96,Target248,,,,,,,,,,,,,Target276,,,,,Burn3_TF1,,,,,,,,,,,,,,,,,,
97,Target88,,,,,,,,,,,,,Target74,,,,,Target176,,,,,,,,,,,,,,,,,,
98,Target122,,,,,,,,,,,,,Target196,,,,,HK97,,,,,,,,,,,,,,,,,,
99,Target185,,,,,,,,,,,,,Target80,,,,,Target189,,,,,,,,,,,,,,,,,,
100,Burn3_TF1,,,,,,,,,,,,,HK88,,,,,Target126,,,,,,,,,,,,,,,,,,
101,Target85,,,,,,,,,,,,,A1_TF1,,,,,HK94,,,,,,,,,,,,,,,,,,
102,Target176,,,,,,,,,,,,,Target177,,,,,Target216,,,,,,,,,,,,,,,,,,
103,Target214,,,,,,,,,,,,,HK90,,,,,HK33,,,,,,,,,,,,,,,,,,
104,HK97,,,,,,,,,,,,,Target248,,,,,C4_TF1,,,,,,,,,,,,,,,,,,
105,Target189,,,,,,,,,,,,,Target88,,,,,HK98,,,,,,,,,,,,,,,,,,
106,Target126,,,,,,,,,,,,,Target122,,,,,HK27,,,,,,,,,,,,,,,,,,
107,HK94,,,,,,,,,,,,,Target185,,,,,HK93,,,,,,,,,,,,,,,,,,
108,HK33,,,,,,,,,,,,,Burn3_TF1,,,,,HK80,,,,,,,,,,,,,,,,,,
109,C4_TF1,,,,,,,,,,,,,Target85,,,,,Target99,,,,,,,,,,,,,,,,,,
110,HK98,,,,,,,,,,,,,Target176,,,,,Target81,,,,,,,,,,,,,,,,,,
111,Target223,,,,,,,,,,,,,Target214,,,,,HK17,,,,,,,,,,,,,,,,,,
112,HK27,,,,,,,,,,,,,HK97,,,,,A4_TF1,,,,,,,,,,,,,,,,,,
113,HK93,,,,,,,,,,,,,Target202,,,,,Target287,,,,,,,,,,,,,,,,,,
114,HK80,,,,,,,,,,,,,Target189,,,,,Target281,,,,,,,,,,,,,,,,,,
115,Target99,,,,,,,,,,,,,Target126,,,,,HK86,,,,,,,,,,,,,,,,,,
116,Target81,,,,,,,,,,,,,HK94,,,,,,,,,,,,,,,,,,,,,,,
117,HK17,,,,,,,,,,,,,Target216,,,,,,,,,,,,,,,,,,,,,,,
118,A4_TF1,,,,,,,,,,,,,C4_TF1,,,,,,,,,,,,,,,,,,,,,,,
119,Target287,,,,,,,,,,,,,HK98,,,,,,,,,,,,,,,,,,,,,,,
120,HK86,,,,,,,,,,,,,Target223,,,,,,,,,,,,,,,,,,,,,,,
121,,,,,,,,,,,,,,HK27,,,,,,,,,,,,,,,,,,,,,,,
122,,,,,,,,,,,,,,HK93,,,,,,,,,,,,,,,,,,,,,,,
123,,,,,,,,,,,,,,HK80,,,,,,,,,,,,,,,,,,,,,,,
124,,,,,,,,,,,,,,Target99,,,,,,,,,,,,,,,,,,,,,,,
125,,,,,,,,,,,,,,Target81,,,,,,,,,,,,,,,,,,,,,,,
126,,,,,,,,,,,,,,HK17,,,,,,,,,,,,,,,,,,,,,,,
127,,,,,,,,,,,,,,A4_TF1,,,,,,,,,,,,,,,,,,,,,,,
128,,,,,,,,,,,,,,HK86,,,,,,,,,,,,,,,,,,,,,,,
