,1-Neurons->1-Neurons->1-Neurons->1-Neurons[0_0],1-Neurons->2-Young neurons->1-Neurons->1-Neurons[1_0],1-Neurons->2-Young neurons->2-Young neurons->1-Neurons[2_0],1-Neurons->2-Young neurons->2-Young neurons->2-Young neurons[3_0],1-Neurons->1-Neurons->3-APs/RPs->1-Neurons[4_0],1-Neurons->1-Neurons->3-APs/RPs->3-APs/RPs[5_0],2-Young neurons->1-Neurons->1-Neurons->1-Neurons[6_0],2-Young neurons->2-Young neurons->1-Neurons->1-Neurons[7_0],2-Young neurons->2-Young neurons->2-Young neurons->1-Neurons[8_0],2-Young neurons->2-Young neurons->2-Young neurons->2-Young neurons[9_0],2-Young neurons->1-Neurons->3-APs/RPs->1-Neurons[10_0],2-Young neurons->1-Neurons->3-APs/RPs->3-APs/RPs[11_0],3-APs/RPs->5-APs/RPs->3-APs/RPs->1-Neurons[12_0],3-APs/RPs->5-APs/RPs->5-APs/RPs->3-APs/RPs[14_0],3-APs/RPs->5-APs/RPs->3-APs/RPs->3-APs/RPs[15_0],3-APs/RPs->3-APs/RPs->3-APs/RPs->3-APs/RPs[16_0],3-APs/RPs->5-APs/RPs->5-APs/RPs->5-APs/RPs[17_0],4-IPs->4-IPs->4-IPs->1-Neurons[18_0],4-IPs->4-IPs->3-APs/RPs->1-Neurons[19_0],4-IPs->4-IPs->3-APs/RPs->3-APs/RPs[20_0],4-IPs->4-IPs->4-IPs->4-IPs[21_0],5-APs/RPs->5-APs/RPs->3-APs/RPs->1-Neurons[22_0],5-APs/RPs->3-APs/RPs->3-APs/RPs->1-Neurons[23_0],5-APs/RPs->5-APs/RPs->5-APs/RPs->3-APs/RPs[24_0],5-APs/RPs->5-APs/RPs->3-APs/RPs->3-APs/RPs[25_0],5-APs/RPs->3-APs/RPs->3-APs/RPs->3-APs/RPs[26_0],5-APs/RPs->5-APs/RPs->5-APs/RPs->5-APs/RPs[27_0],6-Young neurons->1-Neurons->1-Neurons->1-Neurons[28_0],6-Young neurons->2-Young neurons->1-Neurons->1-Neurons[29_0],6-Young neurons->2-Young neurons->2-Young neurons->1-Neurons[30_0],6-Young neurons->2-Young neurons->2-Young neurons->2-Young neurons[31_0],7-IPs->4-IPs->4-IPs->1-Neurons[32_0],7-IPs->4-IPs->3-APs/RPs->1-Neurons[33_0],7-IPs->4-IPs->3-APs/RPs->3-APs/RPs[34_0],7-IPs->4-IPs->4-IPs->4-IPs[35_0]
0,Dpysl3,Rfc1,2810055G20Rik,2810055G20Rik,Dpysl3,Dpysl3,Eif1b,Pcnt,2610008E11Rik,2610008E11Rik,Abracl,Atrx,Zfyve16,Zfyve16,B230354K17Rik,R3hcc1,Tcf4,Dpysl3,Dpysl3,Dpysl3,Serpinh1,B230354K17Rik,Dus3l,B230354K17Rik,B230354K17Rik,Neurod1,Tcf4,Specc1l,Dpysl3,Dpysl3,Dpysl3,Ppp1r9a,Fam63a,Fam63a,Ppp1r9a
1,Ndn,Cdkn2aip,Rfc1,Cdkn2aip,Nrep,Meg3,Atrx,Cntln,Specc1l,Specc1l,Cd47,Meg3,Jhdm1d,Jhdm1d,Zfyve16,Tnrc18,Hirip3,Tcf4,Atrx,Atrx,Mdk,Golga3,Fut9,Pcnt,Kitl,Tmem87b,Hirip3,Parg,Atrx,Atrx,Atrx,2610008E11Rik,Xrcc1,Dnajc21,Dync2h1
2,Eif1b,Ccdc66,Cdkn2aip,Ccdc66,Cd24a,Nrep,Ndn,Tmem87b,Rfc1,Zfp318,Atrx,Cd24a,2610008E11Rik,Ubr3,Fut9,Tmem87b,Nasp,Atrx,Nrep,Nrep,Dcaf8,2610008E11Rik,Pinx1,R3hcc1,Cwf19l2,Pik3r1,Nasp,Aftph,Nrep,Nrep,Nrep,Ubr3,Pibf1,Fut9,Pibf1
3,Nrep,Mcm6,Ccdc66,Vps37b,Atp2b1,Cd24a,Cd24a,2610008E11Rik,Mcm6,Eif2s3y,Cd24a,Dab1,Fam193b,Fam193b,Jhdm1d,Frmd4b,Mdk,Nrep,Cd24a,Bcl11b,Hes6,Parg,Clvs1,Tnrc18,Sacs,Leng8,Mdk,Cdkn2aip,Cd24a,Cd24a,Cd24a,Fcho2,Dnajc21,Ubp1,Dnajc21
4,Cd24a,Smc2,Vps37b,Tnrc6b,Tuba1a,Fnbp1l,Atp2b1,Golga3,Mllt6,Lrrc16b,Atp2b1,Fnbp1l,Parg,Tbce,Bptf,Pik3r1,Tuba1a,Cd24a,Tuba1a,Cd24a,Mfap2,Cwf19l2,Ubp1,Dync2h1,Traf3ip1,Cbfa2t2,Tuba1a,Ccdc66,Tuba1a,Tuba1a,Tuba1a,Rasal2,Dus3l,Exog,Xrcc1
5,Atp2b1,2810025M15Rik,Mcm6,Smc2,Fnbp1l,Map1b,Ubxn4,Pinx1,Eif2s3y,Zfp101,Dab1,Thra,Cdkn2aip,Mllt6,Exog,Leng8,Cdkn1b,Tuba1a,Ttc28,Ttc28,Rdx,Sacs,Gprasp2,Suco,Tbce,March8,Cdkn1b,Smc2,Ubxn4,Ubxn4,Fnbp1l,Mllt6,Golga3,Fktn,Dnajb12
6,Ubxn4,Tbce,Tnrc6b,2810025M15Rik,Map1b,Pcsk1n,Dab1,Nop14,Lig1,Tnrc6a,Tuba1a,Map1b,Tbce,Lats1,Fktn,Rpgrip1l,Sfrp1,Ttc28,Fnbp1l,Fnbp1l,Rab8b,Zfp740,Fam193b,Ankhd1,Zeb1,Wnt7b,Sfrp1,Sdccag8,Fnbp1l,Fnbp1l,Thra,Eif2s3y,2610008E11Rik,Golim4,Ubr3
7,Tuba1a,Jun,Smc2,Tbce,Pcsk1n,Mapt,Tuba1a,Exog,Lrrc16b,Kri1,Fnbp1l,Rabgap1l,Rasal2,Sdccag8,Fam193b,Tceb3,Sox2,Fnbp1l,Thra,Thra,Gadd45g,Lrrcc1,Mdn1,Rere,Sdccag8,Pknox1,Sox2,Rlf,Ccdc88a,Ccdc88a,Map1b,Lats1,Fut9,Kitl,Lpl
8,Fnbp1l,Lats1,2810025M15Rik,Jun,Mapt,Tmsb10,Fnbp1l,Gpcpd1,Zfp101,Wdr12,Thra,Ankrd12,Dpy19l1,Ubn2,Kitl,Cbfa2t2,H2afx,Thra,Map1b,Map1b,Vps37b,Sec11c,2810055G20Rik,Ubr3,Hba-a1,Aff4,H2afx,Zfp101,Thra,Thra,Tuba1b,Magt1,Ubp1,Mdn1,Vcan
9,mt-Rnr2,Lig1,Tbce,Lats1,Tmsb10,Kif5c,Thra,Fktn,Tnrc6a,Fam214b,Map1b,Pcsk1n,Eif2s3y,Madd,Cwf19l2,Epha5,Dek,Map1b,Neurod2,Neurod2,Slc25a5,Fos,Klc4,Kitl,A230046K03Rik,Cdc42ep3,Dek,Kri1,mt-Rnr2,mt-Rnr2,Tmsb10,Rsrc1,Exog,Efnb3,Efnb3
10,Map1b,Rlf,Jun,Lrrc16b,Kif5c,BC005764,Map1b,Specc1l,Kri1,Zfp827,Rabgap1l,Mapt,Sdccag8,Zfp101,Efnb3,Wnt7b,Sept11,Neurod2,Tmsb10,Tmsb10,Cd63,Traf3ip1,Rgs2,Cwf19l2,Ercc6,Rufy1,Sept11,Ing3,Map1b,Map1b,Anp32e,4922501C03Rik,Fktn,Irak1,Tram1
11,Tuba1b,Hmgb2,Lats1,Rlf,Hist3h2ba,Tmsb4x,mt-Rnr2,Blm,Fam214b,Ercc6,Pcsk1n,Tmsb10,Mllt6,Kri1,Sacs,Arhgef25,mt-Rnr2,Tmsb10,Hist3h2ba,BC005764,Dbi,Lemd2,Fam13b,Traf3ip1,Gfod2,Scn3a,mt-Rnr2,Napg,Tuba1b,Tuba1b,Hist3h2ba,Col11a1,Golim4,Traf3ip1,Akap8l
12,Slc25a5,Tbl1x,Lig1,Hmgb2,Tmsb4x,Map2,Rabgap1l,A830080D01Rik,Ercc6,Ing3,Mapt,Kif5c,Ubn2,Jrkl,Fam13b,Zfp946,Tuba1b,Hist3h2ba,Nfib,Map2,Prdx6,Tbce,Lztr1,Tet1,Jarid2,Mast2,Tuba1b,Rsrc1,Tmsb10,Tmsb10,Ina,Tbl1x,Mdn1,Ccdc41,Tet2
13,Pcsk1n,Trio,Lrrc16b,Ptpn2,Map2,Nsg2,Slc25a5,Sec11c,Ing3,Arhgap12,Tmsb10,BC005764,Rlf,4922501C03Rik,Irak1,Pknox1,2610017I09Rik,Ralgps2,Map2,Nsg2,Pak3,Zeb1,Irak1,Fbxw7,Rif1,Slc4a1ap,Map1b,Nr2f1,Kif5c,Kif5c,Tmsb4x,Timp2,Efnb3,Fsd1l,Fbxw7
14,Mapt,Btg2,Rlf,Tbl1x,Arl6ip1,Gap43,Sptbn1,Traf3ip1,Arhgap12,Rsrc1,Smarca2,Tmsb4x,Setx,Timp2,A830080D01Rik,Slc25a23,Kif21a,Nfib,Dcx,Gap43,Neurog2,Sdccag8,A830080D01Rik,Ddx10,Map3k7,Zfp40,2610017I09Rik,Tbl1x,Hist3h2ba,Hist3h2ba,Map2,AW047730,Irak1,2210018M11Rik,Adam10
15,Tmsb10,2700049A03Rik,Hmgb2,Slc17a6,Dcx,Elavl2,Pcsk1n,Rfc1,Rsrc1,Tbl1x,Kif5c,Nsg2,Zfp101,L3mbtl3,Traf3ip1,Arid4a,Slc25a5,Map2,Nsg2,Rtn1,Chd7,Tfcp2,Ccdc88c,Ank2,Ttc14,Timp2,Kif21a,Timp2,Tmsb4x,Tmsb4x,Dcx,D14Abb1e,Fos,Mllt6,Fgfbp3
16,Kif5c,Pcnt,Tbl1x,Trio,Nsg2,Stmn4,Mapt,Tet2,Col11a1,Btg2,Hist3h2ba,Olfm1,Kri1,AW047730,Cdkn2aip,Gtpbp2,Anp32e,Dcx,Gap43,Stmn2,Mpdz,Ate1,Ccdc91,Adam10,Wnk3,Nrn1,Slc25a5,L3mbtl3,Map2,Map2,Nsg2,Trio,Traf3ip1,Zfp609,Slk
17,Hist3h2ba,Dus3l,Trio,Btg2,Gap43,Rtn1,Tmsb10,Nkain4,Tbl1x,Lrp8,Tmsb4x,Gap43,Fam214b,D14Abb1e,Cdk5rap2,Rufy1,Qk,Nsg2,Rtn1,Cntn2,Tead2,Hba-a1,Cald1,Tbce,D14Abb1e,Flna,Anp32e,AW047730,Dcx,Dcx,Gap43,Poc1b,Lemd2,Hba-a1,Zfp609
18,mt-Nd5,Rock2,Btg2,Dync1h1,Stmn4,Stmn2,Smarca2,Pde7a,AW047730,Pcnt,Arl6ip1,Stmn4,Jrkl,Spen,Draxin,Pak3,Smc2,Gap43,Stmn2,Stmn3,Btg2,Lmo1,Golga1,Lats1,Rufy2,Swt1,Smc2,Smc4,Nsg2,Nsg2,Rtn1,Emx2,Golga1,Secisbp2l,A230046K03Rik
19,Tmsb4x,Clvs1,Dync1h1,2700049A03Rik,Rtn1,Stmn3,Kif5c,Cdk5rap2,Btg2,Tmem87b,Dcx,Rtn1,Ercc6,Trio,Trmt13,9930021J03Rik,Jun,Rtn1,Cntn2,Mycbp2,Syne2,A230046K03Rik,Bod1l,Sdccag8,Ankib1,Trio,Jun,Poc1b,Htatsf1,Htatsf1,Stmn2,Tomm34,Bod1l,Madd,Zdhhc17
20,Map2,Exog,2700049A03Rik,Pcnt,Stmn2,Gm26735,Hist3h2ba,Cenpj,Tada2a,Golga3,Nsg2,Stmn2,L3mbtl3,Btg2,Tbce,Ap3b1,Vim,Stmn2,Stmn3,Aplp1,Ckb,Rai14,Ccdc41,Numa1,Slk,Btg2,Vim,Dennd5b,Gap43,Gap43,Stmn3,Dennd5b,Ccdc41,A230046K03Rik,Hectd1
21,Arl6ip1,Fktn,Pcnt,Dus3l,Stmn3,Aplp1,mt-Nd5,Dvl1,Lrp8,Exog,Olfm1,mt-Rnr1,D14Abb1e,Poc1b,2210018M11Rik,Mast2,Paics,Celf4,Aplp1,Lmo4,,Fam214b,Trmt13,Arhgef25,5830428H23Rik,Asxl3,Paics,BC005561,Rtn1,Rtn1,Celf2,Fam63a,Fsd1l,Flywch2,Hes5
22,Dcx,Sox2,Ccdc50,Clvs1,Gm26735,Sox4,Tmsb4x,Tet1,Pcnt,Gpcpd1,Gpm6a,Stmn3,Tomm34,Pcnt,Pard3,Slc4a1ap,Tmsb4x,Cntn2,Celf2,Tubb3,,Rrnad1,2210018M11Rik,Ubr1,,Ckap4,Tmsb4x,Rock2,Stmn2,Stmn2,Tubb2a,Dus3l,2210018M11Rik,Gfod2,Rrbp1
23,Nsg2,Pcna,Dus3l,Exog,Aplp1,Tubb3,Arl6ip1,Mcm6,Cntln,Fktn,Gap43,Mycbp2,Golga3,Tmem87b,Mllt6,Zfp40,Lig1,Stmn3,Lmo4,Igfbpl1,,Ercc6,Pard3,A230046K03Rik,,Dzip1,Lig1,Ubp1,Stmn3,Stmn3,Lmo4,BC005561,Rasal2,Sgce,Ttyh1
24,Gap43,Dcaf8,Clvs1,Fktn,Celf2,Igfbpl1,Dcx,Smarca1,Tmem87b,Sec11c,Stmn4,Aplp1,Exog,Exog,Sdccag8,Tenm4,Id4,Aplp1,Tubb3,Nnat,,Gfod2,Dpy19l1,9930021J03Rik,,Asxl2,Id4,Gpcpd1,Celf2,Celf2,Tubb3,Golga3,Dpy19l1,Map3k7,Mysm1
25,Stmn4,Traf3ip1,Exog,Pcna,Sox4,Nnat,Nsg2,AI854517,Golga3,Traf3ip1,Rtn1,Tubb3,Fktn,Cwf19l2,Ubn2,Timp2,Ppap2b,Hsp90b1,Igfbpl1,Akap9,,Jarid2,Eif2s3y,Gfod2,,,Ppap2b,Sox2,Tubb2a,Tubb2a,Rbm25,Ubp1,Eif2s3y,Rsrc1,Rsf1
26,Rtn1,Mex3d,Fktn,Plcb1,Tubb3,Akap9,Olfm1,Gkap1,Exog,Cited2,Stmn2,Igfbpl1,Cwf19l2,Irak1,Mlh3,Flna,Hmgb2,Celf2,Nnat,Neurod6,,Rif1,Mllt6,Rif1,,,Hmgb2,Pcna,Lmo4,Lmo4,Ezh2,Exog,Mllt6,Rrbp1,Taf3
27,Stmn2,Cdk5rap2,Sox2,Cited2,Igfbpl1,Cmip,Gpm6a,Birc6,Gpcpd1,Cdk5rap2,mt-Rnr1,Nnat,Efnb3,Traf3ip1,Zfp609,Spen,Dbi,Lmo4,Akap9,Hist3h2a,,Map3k7,Mlh3,Chd9,,,Dbi,Klc4,Tubb3,Tubb3,Ckb,Gpcpd1,Ate1,Col11a1,Mt3
28,Celf4,Cenpj,Pcna,Traf3ip1,Nnat,Hist3h2a,Soga3,Cbfa2t2,Fktn,Cenpj,Stmn3,Cmip,Sacs,Fbxw7,N6amt1,Swt1,H2afv,Tubb3,Neurod6,Crmp1,,Ttc14,Zfp609,Map3k7,,,H2afv,Mex3d,Nnat,Igfbpl1,Crmp1,Fktn,Zfp609,Tbl1x,Tubgcp5
29,Stmn3,Gkap1,Dcaf8,Mex3d,Akap9,Crmp1,Htatsf1,Arhgap21,Sec11c,Gkap1,Aplp1,Hist3h2a,Irak1,2210018M11Rik,Hba-a1,Trio,Nes,Igfbpl1,Crmp1,Soga3,,Wnk3,Tox3,Ptprd,,,Nes,Miat,Rbm25,Nnat,Mtss1,2700050L05Rik,Hba-a1,Rwdd4a,Rapgef6
30,Gm26735,Ube4b,Plcb1,Cdk5rap2,Crmp1,Soga3,Gap43,Mllt6,Traf3ip1,Chd2,Tubb3,Crmp1,Sec11c,Numa1,Secisbp2l,Kmt2b,Sox9,Nnat,Soga3,,,D14Abb1e,N6amt1,Wnk3,,,Celf2,Lemd2,Ckb,Rbm25,,Efnb3,Secisbp2l,Sass6,Ankib1
31,Aplp1,Numa1,Fos,Cenpj,Soga3,,Stmn4,Eif2s3y,Cited2,Arhgef25,Igfbpl1,Soga3,Traf3ip1,Arhgef25,Setx,Btg2,Cpe,Akap9,Robo2,,,Rufy2,Secisbp2l,D14Abb1e,,,Sox9,Gkap1,Crmp1,Ezh2,,Irak1,Rnasel,Wnk3,Bms1
32,Celf2,Vps4b,Traf3ip1,Gkap1,,,Rtn1,Tfcp2,Cdk5rap2,Map7d2,Nnat,,Lemd2,Secisbp2l,Madd,Iqcb1,Smc4,Cpe,,,,Wdr60,Zfp101,Trip11,,,Cpe,Mllt10,Mtss1,Ckb,,Fos,A230046K03Rik,D14Abb1e,Rgcc
33,Tubb2a,Dnajc13,Cited2,Ube4b,,,Stmn2,Lig1,Cenpj,Suv420h1,Crmp1,,Cdk5rap2,Rufy1,Zfp101,Ttf1,Hspa5,Neurod6,,,,Ankib1,E4f1,Spen,,,Smc4,Peg3,,Crmp1,,Traf3ip1,Lhfpl4,Ankib1,Cep290
34,Sox4,Hectd1,Mex3d,Numa1,,,Celf4,Zfp946,Gkap1,St7,Soga3,,2210018M11Rik,Chd9,A230046K03Rik,Dzip1,Mid1ip1,Crmp1,,,,Jmjd1c,Kri1,Camsap2,,,Hspa5,Numa1,,Mtss1,,Lemd2,Rrnad1,Herc2,Lig3
35,Tubb3,St7,Cdk5rap2,Dnajc13,,,Kmt2e,Pknox1,Chd2,Cxxc5,,,Hba-a1,Cdk12,Kri1,Asxl2,Pou3f3,Soga3,,,,Slk,Mphosph9,Iqcb1,,,Mid1ip1,Hba-a1,,,,Ccdc41,Hyls1,Bms1,Tomm34
36,Nnat,Chd9,Cenpj,Hectd1,,,mt-Rnr1,Zfp101,Arhgef25,Rrbp1,,,Secisbp2l,Fndc3a,Ttc19,,Anp32b,Robo2,,,,Lig3,Wasf2,Poc1b,,,Alcam,Arhgap5,,,,Fsd1l,Flywch2,Mfn1,
37,Akap9,Golm1,Gkap1,St7,,,Stmn3,Tnrc6a,Map7d2,Golga5,,,E4f1,Fam120a,Cep250,,Hmgn3,,,,,Tomm34,Cep250,Fmnl2,,,Pou3f3,Rufy1,,,,Dnajc1,Hectd1,Slk,
38,Rbm25,Bdp1,Ube4b,Chd9,,,Aplp1,Map7d2,Suv420h1,Cdk12,,,Dnajc13,Camsap2,Nol8,,Gm3764,,,,,Trmt1,Magi1,5830428H23Rik,,,Anp32b,Suv420h1,,,,2210018M11Rik,Gfod2,Zfp711,
39,Ckb,Sass6,Numa1,Rrbp1,,,Tubb2a,Kri1,St7,Atad2b,,,Wasf2,Ankrd17,4933411K20Rik,,Pea15a,,,,,5830428H23Rik,Hyls1,,,,Hmgn3,Sgce,,,,Hba-a1,Sgce,,
40,Crmp1,Sox9,Vps4b,Bdp1,,,Nrxn1,A230046K03Rik,Cxxc5,Armcx4,,,Rrnad1,5830428H23Rik,Flywch2,,,,,,,,Nrcam,,,,Gm3764,Chd9,,,,Secisbp2l,Map3k7,,
41,Soga3,Tubgcp5,Dnajc13,Chga,,,Tubb3,Fam214b,Golga5,Chga,,,Cxxc5,R3hcc1,Jrkl,,,,,,,,Hectd1,,,,Pea15a,Golga5,,,,Rrnad1,Rsrc1,,
42,,Mpdz,Hectd1,Lrrn3,,,Nnat,Ercc6,Cdk12,Sass6,,,Fndc3a,Tnrc18,Ercc6,,,,,,,,Dnajc3,,,,,Cdk12,,,,Hectd1,Col11a1,,
43,,Ankib1,St7,Sass6,,,Hspa5,Suv420h1,Golm1,Ankrd17,,,Atad2b,Ankhd1,Gfod2,,,,,,,,Socs2,,,,,Ash1l,,,,Sgce,Tbl1x,,
44,,Xrcc1,Chd9,Sox9,,,Ckb,St7,Rabl2,5830428H23Rik,,,Armcx4,Rere,Bicd1,,,,,,,,Cxxc5,,,,,Mysm1,,,,B3gat1,Mysm1,,
45,,Zfp740,Tenm4,Tubgcp5,,,Cdkn1c,Cxxc5,Atad2b,Pibf1,,,Fam120a,Kitl,Jarid2,,,,,,,,Rabl2,,,,,Atad2b,,,,Mysm1,Rwdd4a,,
46,,Lrrcc1,Golm1,Mpdz,,,Dst,Ing3,Armcx4,Pinx1,,,Asun,Fam13b,Socs2,,,,,,,,Mysm1,,,,,Sass6,,,,Sass6,Sass6,,
47,,Nkain4,Bdp1,Ankib1,,,Crmp1,Rif1,Chga,Cttnbp2nl,,,Ankrd17,Draxin,Frmd4a,,,,,,,,Rwdd4a,,,,,Mpdz,,,,Tubgcp5,Wnk3,,
48,,Pde7a,Chga,Xrcc1,,,Mtss1,Arhgap12,Sass6,Blm,,,Ankib1,Smarca1,Map3k7,,,,,,,,Fndc3a,,,,,Ddx26b,,,,Swt1,D14Abb1e,,
49,,Smarca1,Sass6,Cttnbp2nl,,,Foxp1,Rsrc1,Ankrd17,A830080D01Rik,,,Jmjd1c,Pard3,Rrbp1,,,,,,,,Rragd,,,,,Blm,,,,Ankib1,Wdr60,,
50,,Cbfa2t2,Sox9,Zfp740,,,,Golga5,Fabp7,Nkain4,,,5830428H23Rik,Ubr1,Dgcr8,,,,,,,,Atad2b,,,,,Zfp740,,,,Cdh11,Ankib1,,
51,,Sirt7,Tubgcp5,Lrrcc1,,,,Cdk12,5830428H23Rik,Dvl1,,,Zfp740,A230046K03Rik,Rragd,,,,,,,,Fam120a,,,,,A830080D01Rik,,,,Pibf1,Herc2,,
52,,Tfcp2,Mpdz,Nkain4,,,,Zfp40,Pibf1,Flrt3,,,Fam13b,Ttc19,Fndc3a,,,,,,,,Asun,,,,,Pde7a,,,,Dnajc21,Mfn1,,
53,,Zfp946,Ankib1,Mest,,,,Golm1,Pinx1,Smarca1,,,A830080D01Rik,Insm1,L3mbtl3,,,,,,,,Ankrd17,,,,,AI854517,,,,Xrcc1,Zfp711,,
54,,A230046K03Rik,Fabp7,Cux1,,,,Col11a1,Blm,Msi2,,,Lrrcc1,9930021J03Rik,Wnk3,,,,,,,,Taf1,,,,,Birc6,,,,Pde7a,Slk,,
55,,Ttc19,Xrcc1,Flrt3,,,,Tbl1x,A830080D01Rik,Birc6,,,Dvl1,Gfod2,D14Abb1e,,,,,,,,Syne2,,,,,Kmt2c,,,,0610011F06Rik,Lig3,,
56,,Lhfpl4,Zfp740,Smarca1,,,,Rabl2,Nkain4,Cbfa2t2,,,Draxin,Zfp40,Rufy2,,,,,,,,,,,,,Celsr2,,,,Smarca1,Tomm34,,
57,,Hes5,Lrrcc1,Msi2,,,,Chd7,Pde7a,Arhgap21,,,Bod1l,Dgcr8,Fam120a,,,,,,,,,,,,,Cbfa2t2,,,,Fgfbp3,Trmt1,,
58,,Jarid2,Nkain4,Cbfa2t2,,,,Rwdd4a,Dvl1,Pard3,,,Pard3,Pam,Pam,,,,,,,,,,,,,Arhgap21,,,,Hook1,,,
59,,Herc2,Pde7a,Dnmt3a,,,,Atad2b,Cald1,Xrn1,,,Tfcp2,Iqcb1,Ankrd17,,,,,,,,,,,,,Ubr1,,,,Ubr1,,,
60,,Zeb1,Mest,Pard3,,,,Armcx4,Flrt3,Zfp946,,,A230046K03Rik,Herc2,Ankib1,,,,,,,,,,,,,A230046K03Rik,,,,A230046K03Rik,,,
61,,Trnt1,Flrt3,Sirt7,,,,Sass6,Smarca1,Ankrd26,,,Mphosph9,Cep290,Herc2,,,,,,,,,,,,,Mphosph9,,,,Lhfpl4,,,
62,,Dot1l,Smarca1,Zfp946,,,,AW047730,AI854517,A230046K03Rik,,,Ttc19,Dst,Zeb1,,,,,,,,,,,,,Lhfpl4,,,,Zswim6,,,
63,,Rrm2,Msi2,Ankrd26,,,,Rdh11,Msi2,Wwc1,,,Gfod2,B230354K17Rik,5830428H23Rik,,,,,,,,,,,,,9930021J03Rik,,,,Gtpbp2,,,
64,,Hirip3,Cbfa2t2,Prdx6,,,,Lig3,Birc6,Zfp40,,,Dnajc3,Dync2h1,,,,,,,,,,,,,,Bicd1,,,,Hes5,,,
65,,Nop14,Pard3,A230046K03Rik,,,,Ankrd17,Cbfa2t2,Chd7,,,Bicd1,Suco,,,,,,,,,,,,,,Cpne3,,,,Ap3b1,,,
66,,Pcf11,Sirt7,Ttc19,,,,Iqcb1,Arhgap21,Nrn1,,,Jarid2,Fut9,,,,,,,,,,,,,,Dgcr8,,,,Gfod2,,,
67,,Gpatch1,Tfcp2,Lhfpl4,,,,Btg2,Pard3,Pam,,,Cep110,Fam135a,,,,,,,,,,,,,,Pura,,,,Mt3,,,
68,,Gprasp2,Zfp946,Hes5,,,,Herc2,Tfcp2,Iqcb1,,,Cpne3,Tet1,,,,,,,,,,,,,,Rapgef6,,,,Rapgef6,,,
69,,H2afx,Prdx6,Jarid2,,,,Dzip1,Zfp946,Herc2,,,Dgcr8,Trmt13,,,,,,,,,,,,,,Tead2,,,,Herc2,,,
70,,Fam135a,A230046K03Rik,Dut,,,,Ttf1,A230046K03Rik,Ttf1,,,Herc2,Ank2,,,,,,,,,,,,,,A830082K12Rik,,,,Rgcc,,,
71,,Pknox1,Ttc19,Baz2b,,,,Pkn2,Wwc1,Rc3h2,,,Zeb1,Mlh3,,,,,,,,,,,,,,Asxl3,,,,Cep290,,,
72,,Ccdc174,Lhfpl4,Herc2,,,,Tada2a,Zfp40,Neurod1,,,B230354K17Rik,N6amt1,,,,,,,,,,,,,,Iqcb1,,,,Suco,,,
73,,Zdhhc17,Hes5,Zeb1,,,,Lrp8,Chd7,Dync2h1,,,Fut9,Cep250,,,,,,,,,,,,,,Cep290,,,,Fut9,,,
74,,4933411K20Rik,Ap3b1,Trnt1,,,,Trmt1,Nrn1,Nop14,,,Nop14,Zdhhc17,,,,,,,,,,,,,,Zfp711,,,,Mdn1,,,
75,,Rif1,Jarid2,Rc3h2,,,,5830428H23Rik,Iqcb1,Frmd4b,,,Gprasp2,Nol8,,,,,,,,,,,,,,Dot1l,,,,Tram1,,,
76,,Map3k7,Herc2,Wdfy1,,,,,Herc2,Phip,,,Rwdd3,Actr6,,,,,,,,,,,,,,Pcf11,,,,Fam135a,,,
77,,Trip11,Zeb1,Dot1l,,,,,Ttf1,Tet1,,,Trmt13,Map3k7,,,,,,,,,,,,,,Fam135a,,,,Tet2,,,
78,,Pkn2,Trnt1,Shisa2,,,,,Nop14,Tmx4,,,Krt10,Rbfox3,,,,,,,,,,,,,,Ubn1,,,,Golga1,,,
79,,Wnk1,Dot1l,Rrm2,,,,,Frmd4b,Hmgn5,,,Ate1,Wnk3,,,,,,,,,,,,,,March8,,,,Ddx10,,,
80,,Trmt1,Rrm2,Golgb1,,,,,Phip,Tsc22d4,,,Mlh3,Wnk1,,,,,,,,,,,,,,Ate1,,,,Ate1,,,
81,,,Tcf12,Nop14,,,,,Tet2,Dusp4,,,Zfp609,Fmnl2,,,,,,,,,,,,,,Zfp609,,,,Zfp609,,,
82,,,Golgb1,Pcf11,,,,,Tet1,Rif1,,,N6amt1,,,,,,,,,,,,,,,Ccdc174,,,,Xist,,,
83,,,Hirip3,Gpatch1,,,,,Hmgn5,Rwdd4a,,,Rai14,,,,,,,,,,,,,,,Cep250,,,,Rnasel,,,
84,,,Nop14,Gprasp2,,,,,Tsc22d4,Rdh11,,,Cep250,,,,,,,,,,,,,,,Zdhhc17,,,,Pknox1,,,
85,,,Pcf11,H2afx,,,,,Pknox1,Pkn2,,,Nol8,,,,,,,,,,,,,,,Nol8,,,,Zdhhc17,,,
86,,,Gpatch1,Fam135a,,,,,Dusp4,Lig3,,,4933411K20Rik,,,,,,,,,,,,,,,Ftsj3,,,,Hyls1,,,
87,,,Gprasp2,Casp8ap2,,,,,Rif1,Trmt1,,,Ufl1,,,,,,,,,,,,,,,Tmem2,,,,Flywch2,,,
88,,,H2afx,Afap1,,,,,Rwdd4a,,,,Flywch2,,,,,,,,,,,,,,,Rif1,,,,Pcdh10,,,
89,,,Fam135a,Hmgn5,,,,,Rdh11,,,,Socs2,,,,,,,,,,,,,,,Rad50,,,,Map3k7,,,
90,,,Hmgn5,Id4,,,,,Tmem176b,,,,Map3k7,,,,,,,,,,,,,,,Slc1a3,,,,Rwdd4a,,,
91,,,Id4,2810474O19Rik,,,,,Pkn2,,,,Rragd,,,,,,,,,,,,,,,Rwdd4a,,,,Ptprd,,,
92,,,Pknox1,Zdhhc17,,,,,Lig3,,,,Wnk3,,,,,,,,,,,,,,,Ogfrl1,,,,Wnk3,,,
93,,,Ccdc174,4933411K20Rik,,,,,Trmt1,,,,Rufy2,,,,,,,,,,,,,,,Trip11,,,,Flna,,,
94,,,Zdhhc17,Actr6,,,,,,,,,Wdr60,,,,,,,,,,,,,,,Ccnd2,,,,Ogfrl1,,,
95,,,4933411K20Rik,Rif1,,,,,,,,,Lig3,,,,,,,,,,,,,,,Taf1,,,,Wdr60,,,
96,,,Rif1,Map3k7,,,,,,,,,Trmt1,,,,,,,,,,,,,,,Mid1ip1,,,,Mfn1,,,
97,,,Map3k7,Slc4a1ap,,,,,,,,,,,,,,,,,,,,,,,,Slk,,,,Slk,,,
98,,,Ttc14,Ttc14,,,,,,,,,,,,,,,,,,,,,,,,,,,,Lig3,,,
99,,,Trip11,Trip11,,,,,,,,,,,,,,,,,,,,,,,,,,,,Pttg1,,,
100,,,Pkn2,Pkn2,,,,,,,,,,,,,,,,,,,,,,,,,,,,Trmt1,,,
101,,,Wnk1,Wnk1,,,,,,,,,,,,,,,,,,,,,,,,,,,,Acot1,,,
102,,,Trmt1,Trmt1,,,,,,,,,,,,,,,,,,,,,,,,,,,,,,,
